{
  "client_id": "client_1",
  "round_id": 1,
  "model_update": [
    -0.014512136315811035,
    -0.07911335272102428,
    -0.045967289141603515,
    0.0127240534747162,
    -0.05368822198762397,
    0.09673213239728044,
    0.005282281854256337,
    0.08150092633598295,
    0.09329247391445478,
    0.01440376246629447,
    0.09895113625397516,
    -0.07965905101469127,
    -0.03805792748755217,
    0.0604144130092009,
    0.06548826009824583,
    0.08514581953170182,
    -0.0502625194035295,
    0.04126769852625109,
    -0.04440349003654323,
    -0.04610639021449733,
    0.0073036715873547025,
    0.01666857579770569,
    -0.09682477619777004,
    0.020894486579340784,
    -0.055662789768076266,
    -0.024052426144661174,
    0.04020212434926517,
    -0.08589559154365935,
    -0.03151886210659281,
    0.035586689797178446,
    -0.02090247349238485,
    -0.07091612009988126,
    -0.06426886333540309,
    0.054853846386219825,
    0.09706166615971801,
    -0.05068603488295328,
    0.034615104100196005,
    0.015119773358480002,
    0.04669955141559504,
    -0.056211814846138096,
    -0.07541319324530357,
    0.0467906311528591,
    0.049477752352755394,
    0.05756211352201786,
    -0.09361550907116446,
    0.06891732536059864,
    0.02608136589971544,
    -0.053601951655472144,
    0.03557464553004319,
    -0.08617979298391973,
    0.06394050880609523,
    0.02671634814536159,
    -0.09530755485359085,
    -0.00649728376145491,
    0.047556214708989034,
    -0.01901390562120087,
    -0.07330269424965888,
    0.08994561063248721,
    0.08475752501865752,
    -0.046423610837123534,
    0.0043880669060269205,
    0.09504103464775217,
    0.0643666689955928,
    -0.040395882651536597,
    -0.07269875612379453,
    0.01262559650817089,
    -0.07172293753246411,
    -0.016372669868490813,
    0.012139987221809924,
    -0.0968098094227169,
    0.050540965870455166,
    -0.0004733272973764706,
    -0.014130975249327911,
    0.013803850013551522,
    0.02626877689678553,
    0.02210485878607773,
    -0.0011173389556637418,
    -0.038861846717761286,
    0.06795359712125058,
    -0.05305128822297163,
    0.09588065880466189,
    -0.04970228808542947,
    -0.09330022111853706,
    -0.013778109767160181,
    0.07608662213936057,
    -0.027396739871315433,
    -0.03840110622803172,
    -0.023351080827883924,
    -0.022988757322014584,
    0.025443585983448123,
    -0.06940307810957602,
    -0.07787025586766194,
    0.09371488239135026,
    0.0032592347039941167,
    -0.06804915166237789,
    -0.0751457094274161,
    0.041345542504328855,
    -0.08663039267395321,
    -0.0063937875914113615,
    -0.03682438172154397,
    -0.09563163072774723,
    0.053586481635668703,
    -0.08749209836281341,
    -0.020072376241314877,
    -0.04719044631056685,
    0.09463325437601151,
    -0.06627991924299044,
    0.08466919976054516,
    -0.0917782906933332,
    0.023069587149097112,
    -0.09078517846379536,
    -0.022350140287196462,
    0.08778358497349792,
    0.07685390722305624,
    0.04651523104472932,
    -0.07959258877642779,
    -0.041934421659199674,
    0.09329480850771653,
    0.04062510399186691,
    -0.027767043468804247,
    0.018794438152355625,
    -0.012593516160275611,
    0.0169980122314709,
    -0.07907832715904783,
    0.08452355838768473,
    -0.09266118453000297,
    0.02763574447605216,
    -0.05266595525055976,
    0.010280627778394604,
    0.01860686467454319,
    -0.06438369833960617,
    -0.06698984150542457,
    -0.05213906303613751,
    -0.0999168564312333,
    -0.036786457335560054,
    0.06896158282629906,
    -0.09336021574210963,
    0.016070868964896543,
    -0.08357560112478898,
    -0.05394048210860191,
    0.027576416028386973,
    -0.08965147832277402,
    0.09350166039821547,
    -0.055385988728139976,
    -0.00784876656427897,
    -0.02355317215420315,
    0.013818332906433306,
    0.08716318012530244,
    0.04592436123915541,
    -0.026626916291743297,
    -0.026245866176939036,
    0.013725398653225505,
    -0.07931071897981178,
    0.06399099079379465,
    0.055845859555476815,
    -0.08858133783104255,
    0.09945116394435118,
    -0.08869200074089985,
    -0.05664666877471089,
    0.08836009549112853,
    0.007185603303829205,
    0.048353377376007374,
    -0.04526030284098378,
    0.056766825332919275,
    -0.0950302025535698,
    0.0013569283338926742,
    0.02920728285355705,
    0.008687416016790595,
    0.015214826625421198,
    0.07801111521023085,
    -0.056525603237564545,
    -0.05044268118440009,
    -0.023337797125776712,
    -0.03637298044344611,
    -0.002124023287010826,
    0.07096826166221931,
    0.04771411081967728,
    -0.016681029626615496,
    0.03780265878840361,
    -0.0654774471214679,
    0.09756121725066276,
    -0.07304466601948988,
    -0.016593418105346522,
    0.020310461831037373,
    -0.09483675321263434,
    -0.09892308683082,
    -0.08447728038848931,
    -0.07682529903578632,
    -0.099258464567177,
    -0.058828255419129595,
    0.004620235598427538,
    0.03757157069855795,
    0.09163724774439967,
    -0.07464464260149545,
    -0.026554743655567023,
    -0.0709706980399593,
    0.0479547952939734,
    -0.06244296363013267,
    -0.04767900483444848,
    0.08604259122830848,
    0.07340145774749027,
    -0.05871317724736188,
    0.09958055591458138,
    0.0382671085306621,
    -0.09788474980590685,
    -0.07306760105109548,
    0.055112288789236664,
    0.0646254846476218,
    -0.025774461518123376,
    -0.030592915925023362,
    -0.04542042681583857,
    0.003601635849584294,
    0.016037584948419642,
    -0.06385701103549403,
    -0.021381660777711645,
    -0.0695909175903107,
    -0.031989626378637406,
    0.04540226789551578,
    -0.007058920296453242,
    -0.09021015443392538,
    0.03978248528873766,
    -0.0770775905246043,
    -0.03404081930245857,
    0.07744004972553113,
    0.07118918281396383,
    0.0021505788089709326,
    0.03863319998334968,
    0.02630114702693227,
    -0.08765231810869717,
    0.03987865348194145,
    -0.016730887285984077,
    0.05686180718891581,
    -0.08069799467605601,
    -0.057293683494254975,
    -0.05683284502165648,
    0.03221563101313494,
    -0.03672097229169177,
    0.06167434056585558,
    0.09920885704173336,
    -0.059487276538968875,
    -0.03374010448555311,
    0.01146732498856489,
    -0.005381591789876925,
    -0.04548178924382897,
    0.04993781682322124,
    0.09356040285244376,
    0.02384243729729486,
    0.07644066482867345,
    -0.04430685510979537,
    -0.019065543301380255,
    -0.005833065041870509,
    0.08350452610844356,
    -0.07991916294883905,
    -0.05523408059084899,
    -0.03244640487606279,
    0.05847636263450818,
    -0.00954977051887173,
    -0.012351695824978578,
    -0.009922955705427443,
    0.04265141260119775,
    0.050497618323196936,
    -0.04871413212805426,
    -0.053081920460933595,
    0.0799519519118868,
    0.07417820595311835,
    0.03863530706241462,
    -0.02541388771702441,
    0.08776721344013919,
    -0.0489827248086523,
    -0.01444748529728365,
    -0.030737608728407712,
    0.09565909370919586,
    0.08579479545059643,
    -0.04948698164394181,
    -0.06578966108033961,
    -0.07468281876748849,
    0.09571128353028377,
    -0.01794882824445795,
    0.0009095934333333897,
    0.05571218589740893,
    0.07956606381987873,
    -0.07254584072117129,
    -0.09721013248605496,
    -0.054248335004078975,
    -0.06876339503092581,
    -0.021810091488990224,
    -0.05813739366665618,
    0.0793468725790015,
    0.03325161526969859,
    -0.01623077045382109,
    0.030623336334699387,
    -0.05628227999897716,
    -0.036581074610079055,
    -0.09216866346041788,
    -0.09769775978404364,
    -0.041238167694104294,
    -0.0774144292020699,
    -0.07555962495677108,
    -0.029743239113733617,
    -0.08533359401664474,
    -0.03491521271115768,
    0.05702645778904768,
    -0.07401439191471576,
    0.06898699895791531,
    -0.055991374421106514,
    0.052261674071387404,
    0.04443870850186207,
