{
  "aggregation": "FedAvg",
  "feature_columns": [
    "feature_1",
    "feature_2",
    "feature_3",
    "feature_4",
    "feature_5",
    "feature_6",
    "feature_7",
    "feature_8",
    "feature_9",
    "feature_10"
  ],
  "hidden_size": 32,
  "initial_weights": [
    -0.014476651220458589,
    -0.07901101951158614,
    -0.04596724649342516,
    0.01274904292680001,
    -0.05372049761018508,
    0.09682663108925844,
    0.005261858638654057,
    0.08149099594468256,
    0.0932147204425927,
    0.014333866481846718,
    0.0988164324834804,
    -0.07964447648527118,
    -0.03818032959390755,
    0.0604415782572438,
    0.06538532429207548,
    0.08501808083567222,
    -0.050386723812360784,
    0.04132111710127415,
    -0.044453658643241266,
    -0.04596923682524834,
    0.007429948321145328,
    0.016542843104730646,
    -0.09676111182959946,
    0.021031270820751003,
    -0.05566443816496327,
    -0.02411707444618704,
    0.040169674734670445,
    -0.08581927266933,
    -0.03139284239138559,
    0.035690474889734654,
    -0.020958992719852323,
    -0.07088424444619372,
    -0.06422884625369593,
    0.054969198194185644,
    0.09706172777188189,
    -0.050657850476441946,
    0.03457875212894422,
    0.01522633336561603,
    0.046676544429599245,
    -0.056222983940171584,
    -0.07550084931667315,
    0.04671184504518918,
    0.04932588877630123,
    0.05757855697780567,
    -0.09375329116368579,
    0.06894796389179288,
    0.025965388021215334,
    -0.05374590901609565,
    0.035434656904194665,
    -0.0861195578500222,
    0.06388396759170228,
    0.026870896023885413,
    -0.09516530691174531,
    -0.00663901274939751,
    0.04762800423589214,
    -0.018859687784905835,
    -0.07330453918063957,
    0.0898727420349146,
    0.084720957081024,
    -0.04633774271858638,
    0.004530149795420339,
    0.09515797569792721,
    0.06430298239331722,
    -0.040359934165604246,
    -0.0726768737045194,
    0.012688693004944943,
    -0.07172294264704872,
    -0.01635726754798696,
    0.012120056310348412,
    -0.09675140292474688,
    0.05052830815285155,
    -0.0004794916600987637,
    -0.01417901336402148,
    0.013760721878163861,
    0.026185540303030157,
    0.022113807031754633,
    -0.0011929341210921564,
    -0.03884510151546733,
    0.06788999569543534,
    -0.05313041878622485,
    0.09580422484991397,
    -0.049669332284296576,
    -0.09333121867578324,
    -0.01369363042077431,
    0.07616470561660413,
    -0.027474342203998872,
    -0.038361823234140044,
    -0.023266689725784585,
    -0.022989804994966157,
    0.025403624799538123,
    -0.06942314224036249,
    -0.0778232889343549,
    0.09379255060683259,
    0.0033232294364225743,
    -0.0680840529557028,
    -0.0751260278632214,
    0.041371935355082406,
    -0.08655434301478818,
    -0.006393773779816889,
    -0.036805808044528744,
    -0.09565562533560731,
    0.05365685633664528,
    -0.08750733214349957,
    -0.020079775472958312,
    -0.04724831055455002,
    0.09458130025966602,
    -0.06638020849645689,
    0.08468000369509045,
    -0.09186915534623916,
    0.023089782173240658,
    -0.09086171616444315,
    -0.022445423180084738,
    0.0876915070021564,
    0.07689362619877861,
    0.04647790427565571,
    -0.07949080148005955,
    -0.04184041327242178,
    0.0932013085287743,
    0.0406724584838908,
    -0.027665335947902377,
    0.018793195576699836,
    -0.012641633525855588,
    0.01697385613153067,
    -0.07902188785543611,
    0.08461716469609562,
    -0.09258403693675715,
    0.027593720634057274,
    -0.05264221404645311,
    0.010288856256063614,
    0.01863073140338953,
    -0.06438375140751798,
    -0.06698405028587245,
    -0.05214665185214293,
    -0.09989468849074921,
    -0.03679132602112262,
    0.06895921745649822,
    -0.09337846822005907,
    0.016054498376999328,
    -0.08360712832168694,
    -0.053937161029454214,
    0.027547758597167328,
    -0.08964521206340625,
    0.09347772052889768,
    -0.055415981742452235,
    -0.007877734091598991,
    -0.02354078912882259,
    0.013806573946832611,
    0.08719512259449387,
    0.04595396699391285,
    -0.02665640213743474,
    -0.026231057086469153,
    0.013757229560698681,
    -0.07931116058591119,
    0.06397582866774325,
    0.05583822808855317,
    -0.08856351131492886,
    0.09948060997190897,
    -0.08866779105508509,
    -0.0566598780459609,
    0.08836750980224833,
    0.007198413859522055,
    0.04839039924646909,
    -0.04526033684933663,
    0.056775834464102,
    -0.09504190809962673,
    0.001391256459325617,
    0.029199801752115423,
    0.008683795205583874,
    0.015186608103654287,
    0.07798578601391248,
    -0.056574448002585556,
    -0.05043747448886357,
    -0.0233819986558574,
    -0.036363207328581885,
    -0.0021611253748137493,
    0.07092182155706175,
    0.04766925961906193,
    -0.01666176843951591,
    0.03778446428697293,
    -0.06542788577796606,
    0.09760705207266296,
    -0.07309030055448963,
    -0.016570405511340043,
    0.02035989122480501,
    -0.09483739300272506,
    -0.09894653476726667,
    -0.08448907390186142,
    -0.07679788366850278,
    -0.0992128642166748,
    -0.05879074185845903,
    0.004599787540825319,
    0.03758311053317177,
    0.09165464164295838,
    -0.07459443664633632,
    -0.026554758670831104,
    -0.07095845424519451,
    0.04793891883857144,
    -0.062396403076828075,
    -0.047689112457381826,
    0.08603770654683568,
    0.07336321943413363,
    -0.058747503535423025,
    0.09951436854801526,
    0.038274202166016645,
    -0.0979448381738789,
    -0.0730543191786023,
    0.055061948662726866,
    0.06456258974071144,
    -0.025835309405815805,
    -0.03056676852501985,
    -0.045445060162600456,
    0.00366890285580336,
    0.01609984361616983,
    -0.06391881924389704,
    -0.021350438632148284,
    -0.06952387780246023,
    -0.03199046683884003,
    0.04537051418780011,
    -0.0070748779686273825,
    -0.09017273082232131,
    0.03984433068854649,
    -0.07702660274560254,
    -0.034068526366747176,
    0.07745572107432498,
    0.07121104534003228,
    0.0022136260103810808,
    0.038633203505260755,
    0.026316533325392813,
    -0.08767221410565311,
    0.03993707877543621,
    -0.016743546716250068,
    0.05685569884682502,
    -0.0807459816715912,
    -0.05733675520478835,
    -0.05691594262806302,
    0.03222456549081609,
    -0.03679619900337202,
    0.06169104615288367,
    0.09914567317724529,
    -0.05956619571073644,
    -0.03381646129272489,
    0.01150018433842113,
    -0.005412507326113011,
    -0.04539733406065146,
    0.05001588604540625,
    0.09348280725339041,
    0.023881666596982386,
    0.0765248820408342,
    -0.04430788863501743,
    -0.019105392295166588,
    -0.005853082849907463,
    0.08355127034751761,
    -0.0798415249919731,
    -0.055170144030126524,
    -0.03248117780548766,
    0.05849605409273077,
    -0.009523277417321618,
    -0.012275338265548942,
    -0.009922932998534117,
    0.042670062887406233,
    0.050473516846935074,
    -0.04864337103902589,
    -0.053097231030159835,
    0.0799445650734107,
    0.07412011347039774,
    0.038583172951879394,
    -0.02551447790585336,
    0.08777805233569883,
    -0.049074014334344024,
    -0.014427239940958672,
    -0.03081418060142428,
    0.09556358046888393,
    0.08570233010270403,
    -0.049447174803590614,
    -0.06582707417052165,
    -0.07458050250959164,
    0.0958059191177586,
    -0.018042743176224316,
    0.0009571048222419372,
    0.05581416940502781,
    0.0795648277062374,
    -0.07259406990196911,
    -0.09723435127791395,
    -0.05419154818610446,
    -0.06866938145806535,
    -0.021732533306952368,
    -0.05817949419747845,
    0.07937074004537789,
    0.033260072507965685,
    -0.016206560141066174,
    0.030623292487422082,
    -0.056276404744865186,
    -0.036588809026542046,
    -0.09214579042719566,
    -0.09770274995128597,
    -0.04124060676837046,
    -0.07743297532367291,
    -0.07557622179385132,
    -0.029775424087303812,
