{
  "client_id": "client_1",
  "round_id": 3,
  "model_update": [
    -0.014442895250758581,
    -0.07892157833575443,
    -0.04596308063915024,
    0.012773920886953657,
    -0.05374355340602658,
    0.09690977471532541,
    0.005248808396304144,
    0.08148706372000293,
    0.09315384975221318,
    0.014279817156263227,
    0.098708164349781,
    -0.07962797615086253,
    -0.03827898174609088,
    0.06046856176567644,
    0.06530366062323084,
    0.08491558804371836,
    -0.050486101193419584,
    0.04136974211364835,
    -0.0444915119957327,
    -0.04585086884703515,
    0.007539820506042946,
    0.016442061121108253,
    -0.09670384972501055,
    0.021149685762672045,
    -0.055661969609650905,
    -0.024166887871491023,
    0.04014671564722501,
    -0.08575188695370328,
    -0.03128340294073149,
    0.035781290571431174,
    -0.02100216709538813,
    -0.07085353899547828,
    -0.06418963603425548,
    0.055073047550459074,
    0.09706657474073006,
    -0.05062894686912495,
    0.03455200421183451,
    0.015322919255652257,
    0.04666140272976445,
    -0.056227534210559954,
    -0.0755715536801799,
    0.04664907346611175,
    0.049200129663810765,
    0.057597729523735555,
    -0.09386768960005118,
    0.0689793154052263,
    0.02587060179889194,
    -0.05386486220890474,
    0.035319249729471855,
    -0.08606307298518442,
    0.06384001682972823,
    0.0270082801385734,
    -0.0950378868643895,
    -0.006756053456515361,
    0.047694522631545555,
    -0.01872214616283462,
    -0.07330166447363785,
    0.08981489291553577,
    0.08469430224414005,
    -0.04625966185719683,
    0.004657273670849539,
    0.09526336107798716,
    0.06425286659403916,
    -0.04032426801230696,
    -0.0726587180918519,
    0.012736749814221831,
    -0.0717207216846481,
    -0.01634388881387209,
    0.012107641677412032,
    -0.09670654121235817,
    0.05052125003563487,
    -0.00048163094071863486,
    -0.01421181237453694,
    0.013731653196206712,
    0.026127198482196235,
    0.022122641040255957,
    -0.001246002060559081,
    -0.038830598587759356,
    0.06784598077578857,
    -0.05318579644314863,
    0.09575096625268867,
    -0.04964317286342559,
    -0.09335160847871395,
    -0.01363014411957702,
    0.07622401564240326,
    -0.027528543162590756,
    -0.0383310143357244,
    -0.023203003267838404,
    -0.022988493890735675,
    0.025376774721067176,
    -0.06943552053732611,
    -0.0777870948005769,
    0.09385135931691273,
    0.0033720890761186643,
    -0.06810729501512401,
    -0.07510948570645544,
    0.04139552780599514,
    -0.08649192209467034,
    -0.006390874932044607,
    -0.036788430425526944,
    -0.09567172952825545,
    0.05371506329919732,
    -0.08751648130770281,
    -0.02008253286129019,
    -0.04729087653120465,
    0.09454356323882608,
    -0.06645594028811007,
    0.08469149412117051,
    -0.09193786918915005,
    0.023108626891138857,
    -0.0909187497109827,
    -0.022517250926227222,
    0.08762235163110585,
    0.07692758784238288,
    0.04645145369850972,
    -0.07940835538134579,
    -0.04176354739971573,
    0.09313092702021356,
    0.04071247234143432,
    -0.027582631660826532,
    0.018794909702993984,
    -0.012676460136504746,
    0.01695780127555993,
    -0.07897508002352341,
    0.08469353520581131,
    -0.09252056700723224,
    0.027563571928157688,
    -0.05262071467042432,
    0.010291355222509124,
    0.01863741641273996,
    -0.0643834831716626,
    -0.06698220240886892,
    -0.052148431326961175,
    -0.09988827492774564,
    -0.036792377536158515,
    0.06895888507030067,
    -0.09338312386702963,
    0.01605040767988415,
    -0.0836152982158912,
    -0.05393599580663335,
    0.027540411599961057,
    -0.0896432615636724,
    0.09347167574213926,
    -0.05542378680263379,
    -0.007885132482788134,
    -0.023537221181880723,
    0.013803712136301308,
    0.08720387232101301,
    0.0459624624584819,
    -0.026664029421265674,
    -0.026226803439155524,
    0.013766006053408403,
    -0.07931101745096063,
    0.06397205276783693,
    0.055836470940143205,
    -0.08855830769113561,
    0.09948890575297041,
    -0.0886608550033024,
    -0.05666311940327073,
    0.08836981246821757,
    0.007206424431780478,
    0.0484116351189877,
    -0.04525938199061922,
    0.056781726666499645,
    -0.09504741216162582,
    0.0014111972681195523,
    0.029196636096765566,
    0.008682835816525498,
    0.015172083723916872,
    0.07797292293162701,
    -0.056600243509950784,
    -0.050433616202453936,
    -0.023405246092643123,
    -0.036356851446576084,
    -0.0021803944161327593,
    0.07089730165452658,
    0.04764576786526546,
    -0.016650279411260124,
    0.03777545129591299,
    -0.06539986995395664,
    0.09763341729559134,
    -0.07311432021087813,
    -0.016556817003026098,
    0.02038795091028863,
    -0.09483684142534739,
    -0.09895839151646404,
    -0.08449456171199657,
    -0.07678198508194924,
    -0.09918685989406817,
    -0.058769078311676055,
    0.004589542934299423,
    0.03759043949783419,
    0.09166815813052594,
    -0.07455863321944266,
    -0.026553116595299294,
    -0.07094849854930271,
    0.047929655231288226,
    -0.062362872784701574,
    -0.047694401609388724,
    0.08603611685650246,
    0.073338783049787,
    -0.05876915163640564,
    0.09947095632175033,
    0.03828075202349056,
    -0.09798430579355984,
    -0.07304356162735472,
    0.055029397076392136,
    0.064521368918249,
    -0.025874971124552424,
    -0.030547360283560993,
    -0.04546021891558582,
    0.0037162394990554433,
    0.016144237076927196,
    -0.06395924148288937,
    -0.02132752123777537,
    -0.06947654691299024,
    -0.03198950369839707,
    0.045350559871286236,
    -0.0070840937043669455,
    -0.09014572182139391,
    0.03988815895120364,
    -0.07699006242838063,
    -0.03408578473984569,
    0.07746807650386317,
    0.07122993477256957,
    0.0022636307243839512,
    0.03863551478687525,
    0.026330439113552657,
    -0.08768511432080009,
    0.03998380024337058,
    -0.01675090123070037,
    0.05685349850657318,
    -0.08078008441665213,
    -0.0573669657661593,
    -0.056976566551049504,
    0.032233744226668824,
    -0.03685113520821303,
    0.061706100573897936,
    0.09910022152431916,
    -0.0596236961010028,
    -0.033871837483658566,
    0.01152731965018489,
    -0.0054336696835085825,
    -0.0453312074261351,
    0.0500776730994142,
    0.09342636113445223,
    0.023913692763154738,
    0.0765910256471614,
    -0.044306528608679216,
    -0.019133247131481346,
    -0.0058659377547708585,
    0.08358864381737587,
    -0.0797803545127216,
    -0.05511929603154627,
    -0.032505270857752594,
    0.05851330437339306,
    -0.009498831787421164,
    -0.012210630395862882,
    -0.009919928349829719,
    0.04268806844267531,
    0.05045682401658618,
    -0.04858294196263204,
    -0.053106728397184305,
    0.07994172820667522,
    0.07407601044447243,
    0.038544095040445946,
    -0.025592881684304524,
    0.08778994733732037,
    -0.0491453270371978,
    -0.014407745229867045,
    -0.03087303448340828,
    0.09548923658796994,
    0.08563064430502326,
    -0.04941204986783137,
    -0.06585443873943728,
    -0.07449488424271147,
    0.09588589184228731,
    -0.01811573939035178,
    0.0009985426920841151,
    0.055899755154251524,
    0.07956660283839762,
    -0.07263009469051065,
    -0.09725096716507967,
    -0.05414297962376955,
    -0.06859023127946853,
    -0.02166667640329401,
    -0.0582106644318999,
    0.07939306486633674,
    0.03326357082733552,
    -0.016197539655437323,
    0.03062367948217342,
    -0.05627391715572615,
    -0.03659121211642645,
    -0.09213681974128368,
    -0.09770418445804287,
    -0.041241058521713364,
    -0.07743923462669136,
    -0.0755817021040667,
    -0.02978661460647435,
    -0.08532857583712536,
    -0.03495350168538184,
    0.057035430866610906,
    -0.07404717165516776,
    0.06894581448769628,
    -0.056030746896141806,
    0.05227918992431088,
    0.04442285397956229,
